Stock,Entry_time,Entry_Price,qty,value
bpcl_15min,2017-08-02 14:00:00,486.19999900000005,102,-49592.399898
bpcl_15min,2017-08-02 14:30:00,486.5,-102,49623.0
hdfcbank_15min,2017-08-07 13:15:00,895.225,55,-49237.375
hdfcbank_15min,2017-08-07 13:30:00,895.575,-55,49256.625
gail_15min,2017-08-07 13:45:00,142.72500000000002,350,-49953.75000000001
gail_15min,2017-08-09 13:00:00,143.30624962500002,-350,50157.187368750005
vedl_15min,2017-08-10 12:15:00,303.6499990000001,-164,49798.599836000016
vedl_15min,2017-08-10 12:30:00,302.3999990000001,164,-49593.599836000016
bajfinance_15min,2017-08-11 15:15:00,1670.0,29,-48430.0
bajfinance_15min,2017-08-16 10:00:00,1694.0,-29,49126.0
lt_15min,2017-08-16 10:30:00,1127.59999,44,-49614.39956
lt_15min,2017-08-16 10:45:00,1128.4,-44,49649.600000000006
adaniports_15min,2017-08-16 12:00:00,395.0,126,-49770.0
adaniports_15min,2017-08-16 12:15:00,395.649999,-126,49851.899873999995
asianpaint_15min,2017-08-16 15:15:00,1142.65,-43,49133.950000000004
bajajfinsv_15min,2017-08-18 12:15:00,5340.0,-9,48060.0
ntpc_15min,2017-08-18 13:15:00,145.54166666666669,343,-49920.79166666667
ntpc_15min,2017-08-18 13:30:00,145.37499916666667,-343,49863.62471416667
asianpaint_15min,2017-08-18 14:15:00,1136.4,43,-48865.200000000004
axisbank_15min,2017-08-22 09:30:00,498.05,101,-50303.05
ongc_15min,2017-08-22 12:00:00,159.849999,-313,50033.049687
bajajfinsv_15min,2017-08-22 12:30:00,5254.0,9,-47286.0
ongc_15min,2017-08-22 12:45:00,159.8,313,-50017.4
axisbank_15min,2017-08-22 14:30:00,497.8,-101,50277.8
eichermot_15min,2017-08-28 14:00:00,31577.4,1,-31577.4
eichermot_15min,2017-08-28 15:15:00,31347.7999,-1,31347.7999
bajfinance_15min,2017-08-30 14:15:00,1793.7999899999998,27,-48432.599729999994
bajfinance_15min,2017-08-30 14:30:00,1788.5,-27,48289.5
indusindbk_15min,2017-08-30 15:15:00,1652.59999,-30,49577.9997
jswsteel_15min,2017-08-31 11:00:00,254.84999900000003,196,-49950.599804000005
ultracemco_15min,2017-08-31 11:15:00,3992.0,12,-47904.0
jswsteel_15min,2017-08-31 11:30:00,254.84999900000003,-196,49950.599804000005
ultracemco_15min,2017-08-31 12:00:00,3997.0,-12,47964.0
bpcl_15min,2017-08-31 14:00:00,524.149999,95,-49794.249905
bpcl_15min,2017-08-31 14:30:00,526.95,-95,50060.25000000001
infratel_15min,2017-09-04 10:15:00,379.75,131,-49747.25
infratel_15min,2017-09-04 10:30:00,381.0,-131,49911.0
asianpaint_15min,2017-09-04 11:00:00,1203.5,41,-49343.5
asianpaint_15min,2017-09-04 11:30:00,1204.9,-41,49400.9
hcltech_15min,2017-09-04 12:30:00,431.0,116,-49996.0
hcltech_15min,2017-09-04 12:45:00,430.85,-116,49978.600000000006
powergrid_15min,2017-09-08 11:00:00,212.199999,235,-49866.999765
bajfinance_15min,2017-09-08 11:15:00,1912.84999,26,-49734.09974
bajfinance_15min,2017-09-08 11:30:00,1920.0,-26,49920.0
bhartiartl_15min,2017-09-11 10:45:00,402.05,124,-49854.200000000004
bhartiartl_15min,2017-09-11 11:15:00,401.3,-124,49761.200000000004
techm_15min,2017-09-13 13:45:00,443.75,112,-49700.0
bajajfinsv_15min,2017-09-13 14:00:00,5730.0,8,-45840.0
bajajfinsv_15min,2017-09-13 14:30:00,5730.0,-8,45840.0
ntpc_15min,2017-09-18 13:45:00,141.25,354,-50002.5
ntpc_15min,2017-09-18 15:00:00,140.91666583333333,-354,49884.499704999995
bhartiartl_15min,2017-09-20 11:45:00,395.44999900000005,-126,49826.699874000005
bhartiartl_15min,2017-09-20 12:00:00,395.399999,126,-49820.399873999995
gail_15min,2017-09-20 14:00:00,157.18124962500002,318,-49983.637380750006
gail_15min,2017-09-20 14:30:00,156.60000000000002,-318,49798.80000000001
coalindia_15min,2017-09-20 15:15:00,256.64999900000004,-194,49790.099806000006
coalindia_15min,2017-09-21 09:30:00,254.65,194,-49402.1
wipro_15min,2017-09-21 13:00:00,217.79999925000007,229,-49876.19982825001
wipro_15min,2017-09-21 13:15:00,217.95000000000002,-229,49910.55
zeel_15min,2017-09-26 11:15:00,521.75,95,-49566.25
zeel_15min,2017-09-26 11:30:00,520.75,-95,49471.25
jswsteel_15min,2017-09-27 10:15:00,239.84999900000003,208,-49888.799792000005
jswsteel_15min,2017-09-27 10:30:00,238.84999900000003,-208,49680.799792000005
britannia_15min,2017-09-27 10:45:00,2151.599995,23,-49486.799885
britannia_15min,2017-09-27 11:15:00,2137.05,-23,49152.15
maruti_15min,2017-09-28 12:15:00,7800.0,-6,46800.0
itc_15min,2017-09-28 12:30:00,262.05,-190,49789.5
maruti_15min,2017-09-28 12:45:00,7797.55,6,-46785.3
itc_15min,2017-09-28 13:00:00,261.39999900000004,190,-49665.99981000001
britannia_15min,2017-10-03 14:00:00,2179.525,22,-47949.55
britannia_15min,2017-10-03 14:15:00,2189.025,-22,48158.55
coalindia_15min,2017-10-06 14:45:00,275.8,181,-49919.8
coalindia_15min,2017-10-11 11:15:00,283.3,-181,51277.3
heromotoco_15min,2017-10-12 11:15:00,3724.0,-13,48412.0
heromotoco_15min,2017-10-12 11:45:00,3719.9,13,-48358.700000000004
grasim_15min,2017-10-16 13:30:00,1147.5,43,-49342.5
grasim_15min,2017-10-16 14:00:00,1148.09999,-43,49368.299569999996
ongc_15min,2017-10-17 10:15:00,170.75,292,-49859.0
ongc_15min,2017-10-17 10:30:00,171.199999,-292,49990.399708
cipla_15min,2017-10-18 12:30:00,615.2999990000002,81,-49839.29991900001
cipla_15min,2017-10-18 13:00:00,617.5,-81,50017.5
grasim_15min,2017-10-24 14:30:00,1188.79999,42,-49929.59958
grasim_15min,2017-10-24 15:15:00,1185.4,-42,49786.8
wipro_15min,2017-10-25 15:00:00,224.28750000000002,223,-50016.1125
wipro_15min,2017-10-26 09:30:00,223.53750000000002,-223,49848.8625
grasim_15min,2017-10-26 10:45:00,1208.75,41,-49558.75
grasim_15min,2017-10-26 11:00:00,1203.5,-41,49343.5
icicibank_15min,2017-10-26 11:15:00,298.75,167,-49891.25
icicibank_15min,2017-10-26 12:00:00,298.35,-167,49824.450000000004
kotakbank_15min,2017-10-31 10:15:00,1026.34999,48,-49264.79952
hcltech_15min,2017-10-31 10:30:00,425.75,-117,49812.75
hcltech_15min,2017-10-31 11:00:00,426.14999950000015,117,-49859.549941500016
powergrid_15min,2017-10-31 12:00:00,213.0,235,-50055.0
powergrid_15min,2017-10-31 12:15:00,212.25,-235,49878.75
nestleind_15min,2017-10-31 15:00:00,7260.05,6,-43560.3
nestleind_15min,2017-10-31 15:15:00,7273.949990000001,-6,43643.699940000006
nestleind_15min,2017-11-02 10:45:00,7325.05,12,-87900.6
nestleind_15min,2017-11-02 11:15:00,7345.8,-12,88149.6
ioc_15min,2017-11-02 13:00:00,208.82499950000002,239,-49909.1748805
ioc_15min,2017-11-02 13:15:00,208.5,-239,49831.5
powergrid_15min,2017-11-09 14:15:00,208.099999,-240,49943.99976
powergrid_15min,2017-11-09 14:30:00,208.25,240,-49980.0
britannia_15min,2017-11-14 10:45:00,2399.75,20,-47995.0
britannia_15min,2017-11-14 13:30:00,2405.025,-20,48100.5
bajajfinsv_15min,2017-11-15 10:15:00,5028.0,9,-45252.0
bajajfinsv_15min,2017-11-15 11:00:00,5014.0,-9,45126.0
infy_15min,2017-11-17 11:00:00,487.64999950000004,102,-49740.299949
infy_15min,2017-11-17 11:30:00,486.77499950000004,-102,49651.049949
zeel_15min,2017-11-17 11:45:00,539.2,92,-49606.4
zeel_15min,2017-11-17 12:00:00,539.149999,-92,49601.799908
ntpc_15min,2017-11-17 13:15:00,147.625,339,-50044.875
ntpc_15min,2017-11-17 13:45:00,147.625,-339,50044.875
powergrid_15min,2017-11-17 14:30:00,208.5,-240,50040.0
bajaj_auto_15min,2017-11-20 15:00:00,3245.0,15,-48675.0
bajaj_auto_15min,2017-11-22 15:15:00,3321.65,-15,49824.75
indusindbk_15min,2017-11-23 10:15:00,1641.79999,-30,49253.9997
indusindbk_15min,2017-11-23 10:45:00,1645.0,30,-49350.0
hindunilvr_15min,2017-11-23 15:30:00,1272.0,-39,49608.0
hindunilvr_15min,2017-11-24 13:30:00,1267.59999,39,-49436.39961
hdfcbank_15min,2017-11-27 10:45:00,924.3999949999999,54,-49917.599729999994
hdfcbank_15min,2017-11-27 11:15:00,925.475,-54,49975.65
ioc_15min,2017-11-27 14:00:00,196.32499950000002,-254,49866.549873
asianpaint_15min,2017-11-27 14:30:00,1156.15,-43,49714.450000000004
asianpaint_15min,2017-11-27 15:00:00,1158.75,43,-49826.25
ioc_15min,2017-11-27 15:15:00,196.375,254,-49879.25
hcltech_15min,2017-11-28 12:45:00,429.425,116,-49813.3
hcltech_15min,2017-11-28 13:00:00,429.625,-116,49836.5
coalindia_15min,2017-12-01 10:30:00,273.19999900000005,183,-49995.59981700001
coalindia_15min,2017-12-01 10:45:00,273.25,-183,50004.75
adaniports_15min,2017-12-04 13:45:00,390.0,-128,49920.0
adaniports_15min,2017-12-04 14:00:00,389.05,128,-49798.4
infratel_15min,2017-12-08 12:30:00,375.8,133,-49981.4
infratel_15min,2017-12-08 12:45:00,375.899999,-133,49994.699866999996
britannia_15min,2017-12-08 13:00:00,2450.275,20,-49005.5
britannia_15min,2017-12-08 14:15:00,2449.699995,-20,48993.999899999995
zeel_15min,2017-12-08 14:30:00,573.649999,-87,49907.549912999995
tatasteel_15min,2017-12-08 15:30:00,702.35,71,-49866.85
tatasteel_15min,2017-12-11 11:00:00,700.75,-71,49753.25
hcltech_15min,2017-12-12 11:15:00,438.5,114,-49989.0
hcltech_15min,2017-12-12 11:30:00,438.5,-114,49989.0
grasim_15min,2017-12-13 15:30:00,1120.0,44,-49280.0
grasim_15min,2017-12-14 09:45:00,1120.0,-44,49280.0
ultracemco_15min,2017-12-14 10:45:00,4265.75,11,-46923.25
ultracemco_15min,2017-12-14 11:00:00,4266.55,-11,46932.05
cipla_15min,2017-12-15 12:45:00,588.0,85,-49980.0
cipla_15min,2017-12-15 13:00:00,588.2,-85,49997.00000000001
hindunilvr_15min,2017-12-15 13:15:00,1322.0,-37,48914.0
reliance_15min,2017-12-18 11:00:00,925.7999990000001,-54,49993.199946
hcltech_15min,2017-12-18 11:30:00,445.725,-112,49921.200000000004
hcltech_15min,2017-12-18 11:45:00,445.35,112,-49879.200000000004
reliance_15min,2017-12-18 12:45:00,927.6,54,-50090.4
jswsteel_15min,2017-12-18 14:45:00,255.0,196,-49980.0
jswsteel_15min,2017-12-18 15:00:00,255.0,-196,49980.0
bajfinance_15min,2017-12-19 10:15:00,1750.0,28,-49000.0
bajfinance_15min,2017-12-19 10:45:00,1750.65,-28,49018.200000000004
wipro_15min,2017-12-19 11:15:00,216.63750000000002,231,-50043.262500000004
wipro_15min,2017-12-19 12:30:00,217.20000000000002,-231,50173.200000000004
axisbank_15min,2017-12-20 13:00:00,550.7999990000002,90,-49571.99991000001
axisbank_15min,2017-12-20 13:15:00,550.2,-90,49518.00000000001
tcs_15min,2017-12-28 12:15:00,1317.45,-38,50063.1
tcs_15min,2017-12-28 12:30:00,1320.974995,38,-50197.049810000004
titan_15min,2017-12-28 12:45:00,852.5,58,-49445.0
lt_15min,2017-12-28 15:00:00,1259.34999,-39,49114.64961
lt_15min,2017-12-29 09:45:00,1270.7,39,-49557.3
tcs_15min,2018-01-01 11:15:00,1334.9,37,-49391.3
tcs_15min,2018-01-01 11:45:00,1331.5,-37,49265.5
ioc_15min,2018-01-01 14:15:00,195.72499950000002,255,-49909.874872500004
itc_15min,2018-01-01 14:45:00,266.0,-188,50008.0
ioc_15min,2018-01-02 10:00:00,195.125,-255,49756.875
sunpharma_15min,2018-01-02 14:15:00,576.0,-86,49536.0
sunpharma_15min,2018-01-03 10:00:00,576.95,86,-49617.700000000004
britannia_15min,2018-01-03 13:45:00,2354.925,21,-49453.425
infratel_15min,2018-01-03 14:00:00,378.19999900000005,-131,49544.199869000004
britannia_15min,2018-01-03 14:30:00,2348.275,-21,49313.775
hcltech_15min,2018-01-03 15:15:00,450.25,111,-49977.75
hcltech_15min,2018-01-03 15:30:00,448.8249995,-111,49819.5749445
gail_15min,2018-01-05 12:15:00,184.78125,270,-49890.9375
gail_15min,2018-01-05 12:45:00,184.74374962500002,-270,49880.81239875001
ntpc_15min,2018-01-08 12:15:00,148.16666666666669,337,-49932.16666666667
ntpc_15min,2018-01-08 12:30:00,147.95833333333334,-337,49861.958333333336
mm_15min,2018-01-09 11:45:00,761.6,65,-49504.0
mm_15min,2018-01-09 12:00:00,761.399999,-65,49490.999935
hindunilvr_15min,2018-01-09 12:15:00,1365.25,36,-49149.0
hindunilvr_15min,2018-01-09 12:45:00,1364.45,-36,49120.200000000004
asianpaint_15min,2018-01-10 10:30:00,1182.25,42,-49654.5
asianpaint_15min,2018-01-10 10:45:00,1182.59999,-42,49669.19958
asianpaint_15min,2018-01-16 10:15:00,1193.15,41,-48919.15
asianpaint_15min,2018-01-16 10:30:00,1194.04999,-41,48956.04959
wipro_15min,2018-01-17 11:15:00,244.95000000000002,204,-49969.8
wipro_15min,2018-01-17 11:45:00,244.61249925000007,-204,49900.94984700001
asianpaint_15min,2018-01-18 11:30:00,1187.5,42,-49875.0
asianpaint_15min,2018-01-18 12:00:00,1186.95,-42,49851.9
axisbank_15min,2018-01-18 14:00:00,586.399999,85,-49843.999915
axisbank_15min,2018-01-18 14:45:00,583.5,-85,49597.5
hindalco_15min,2018-01-23 15:00:00,266.19999900000005,188,-50045.59981200001
hindalco_15min,2018-01-24 09:45:00,260.8,-188,49030.4
bpcl_15min,2018-01-24 11:45:00,476.55,104,-49561.200000000004
bpcl_15min,2018-01-24 12:15:00,478.0,-104,49712.0
tatasteel_15min,2018-01-25 10:15:00,767.5499990000002,-65,49890.749935000014
tatasteel_15min,2018-01-25 15:15:00,766.1,65,-49796.5
tatamotors_15min,2018-01-29 10:30:00,406.19999900000005,-123,49962.59987700001
tatamotors_15min,2018-01-29 10:45:00,407.44999900000005,123,-50116.34987700001
coalindia_15min,2018-01-31 11:30:00,294.1499990000001,170,-50005.499830000015
coalindia_15min,2018-01-31 12:00:00,293.8,-170,49946.0
wipro_15min,2018-02-01 12:45:00,229.125,218,-49949.25
wipro_15min,2018-02-01 13:00:00,228.71249925000004,-218,49859.32483650001
heromotoco_15min,2018-02-05 12:45:00,3574.4,-13,46467.200000000004
heromotoco_15min,2018-02-05 13:15:00,3594.55,13,-46729.15
axisbank_15min,2018-02-05 13:45:00,568.0,-88,49984.0
gail_15min,2018-02-05 15:15:00,173.11874962500002,288,-49858.199892000004
axisbank_15min,2018-02-05 15:30:00,568.35,88,-50014.8
techm_15min,2018-02-08 15:15:00,609.5,81,-49369.5
infy_15min,2018-02-08 15:30:00,567.825,88,-49968.600000000006
infy_15min,2018-02-09 09:30:00,560.049995,-88,49284.39956
infy_15min,2018-02-15 15:00:00,560.0,89,-49840.0
infy_15min,2018-02-16 09:30:00,558.825,-89,49735.425
tcs_15min,2018-02-16 13:45:00,1482.5499949999999,33,-48924.149835
tcs_15min,2018-02-16 14:15:00,1475.275,-33,48684.075000000004
gail_15min,2018-02-21 15:15:00,174.375,286,-49871.25
gail_15min,2018-02-21 15:30:00,174.5625,-286,49924.875
ongc_15min,2018-02-22 10:15:00,186.349999,268,-49941.799732
ongc_15min,2018-02-22 10:30:00,185.8,-268,49794.4
maruti_15min,2018-02-23 10:15:00,8735.0,-5,43675.0
maruti_15min,2018-02-23 10:30:00,8741.049990000001,5,-43705.249950000005
nestleind_15min,2018-02-28 14:45:00,7836.649990000001,6,-47019.89994
nestleind_15min,2018-02-28 15:00:00,7835.949990000001,-6,47015.699940000006
bhartiartl_15min,2018-03-01 14:45:00,432.94999900000005,115,-49789.249885000005
bhartiartl_15min,2018-03-01 15:00:00,430.55,-115,49513.25
upl_15min,2018-03-06 12:30:00,479.03333266666687,104,-49819.466597333354
infy_15min,2018-03-06 13:45:00,579.049995,86,-49798.299569999996
infy_15min,2018-03-06 14:15:00,579.95,-86,49875.700000000004
upl_15min,2018-03-06 15:00:00,474.8,-104,49379.200000000004
bpcl_15min,2018-03-07 09:30:00,442.6,113,-50013.8
bpcl_15min,2018-03-07 10:45:00,442.149999,-113,49962.949886999995
coalindia_15min,2018-03-08 10:30:00,284.85,175,-49848.75000000001
coalindia_15min,2018-03-08 11:00:00,284.8,-175,49840.0
bajaj_auto_15min,2018-03-09 13:30:00,2942.5,16,-47080.0
bajaj_auto_15min,2018-03-09 14:00:00,2937.05,-16,46992.8
drreddy_15min,2018-03-09 14:15:00,2159.4,-23,49666.200000000004
heromotoco_15min,2018-03-09 14:45:00,3614.9,-13,46993.700000000004
bajaj_auto_15min,2018-03-13 14:45:00,2981.0,16,-47696.0
bajaj_auto_15min,2018-03-13 15:00:00,2968.0,-16,47488.0
britannia_15min,2018-03-16 11:15:00,2432.0,20,-48640.0
britannia_15min,2018-03-16 11:30:00,2435.974995,-20,48719.4999
powergrid_15min,2018-03-19 12:45:00,194.75,-256,49856.0
powergrid_15min,2018-03-19 13:15:00,195.15,256,-49958.4
sbin_15min,2018-03-21 13:30:00,251.699999,198,-49836.599802
kotakbank_15min,2018-03-21 13:45:00,1052.65,47,-49474.55
kotakbank_15min,2018-03-21 14:00:00,1053.2,-47,49500.4
ultracemco_15min,2018-03-21 14:45:00,4006.94999,12,-48083.39988
ultracemco_15min,2018-03-21 15:15:00,3998.3,-12,47979.600000000006
hdfc_15min,2018-03-27 12:00:00,1820.4,27,-49150.8
hdfc_15min,2018-03-28 10:30:00,1820.7,-27,49158.9
hindalco_15min,2018-03-28 10:45:00,212.9,234,-49818.6
hindalco_15min,2018-03-28 11:00:00,213.65,-234,49994.1
grasim_15min,2018-04-03 11:30:00,1074.25,46,-49415.5
hcltech_15min,2018-04-03 11:45:00,486.35,-102,49607.700000000004
grasim_15min,2018-04-03 12:00:00,1074.9,-46,49445.4
upl_15min,2018-04-04 10:15:00,505.53333266666687,98,-49542.26660133335
upl_15min,2018-04-04 10:45:00,505.1333333333333,-98,49503.066666666666
wipro_15min,2018-04-10 13:30:00,212.54999925000007,-235,49949.24982375002
powergrid_15min,2018-04-10 14:00:00,197.699999,252,-49820.399747999996
powergrid_15min,2018-04-10 14:45:00,197.349999,-252,49732.199748
axisbank_15min,2018-04-11 10:30:00,537.2999990000002,92,-49431.59990800002
sbin_15min,2018-04-11 10:45:00,258.0,-193,49794.0
axisbank_15min,2018-04-11 11:15:00,538.649999,-92,49555.799908
tatamotors_15min,2018-04-12 15:00:00,358.19999900000005,139,-49789.79986100001
tatamotors_15min,2018-04-12 15:30:00,358.55,-139,49838.450000000004
hcltech_15min,2018-04-13 10:15:00,497.475,100,-49747.5
hcltech_15min,2018-04-13 10:30:00,497.5,-100,49750.0
nestleind_15min,2018-04-13 14:45:00,8703.95,5,-43519.75
nestleind_15min,2018-04-13 15:00:00,8673.25,-5,43366.25
eichermot_15min,2018-04-16 10:45:00,31120.0,1,-31120.0
eichermot_15min,2018-04-16 11:00:00,31100.0,-1,31100.0
nestleind_15min,2018-04-20 13:30:00,9156.2,5,-45781.0
nestleind_15min,2018-04-23 09:45:00,9141.0,-5,45705.0
hindunilvr_15min,2018-04-23 11:30:00,1452.65,34,-49390.100000000006
hindunilvr_15min,2018-04-23 11:45:00,1452.65,-34,49390.100000000006
britannia_15min,2018-04-23 14:15:00,2667.449995,18,-48014.09991
britannia_15min,2018-04-23 14:30:00,2661.25,-18,47902.5
infratel_15min,2018-04-25 12:00:00,325.8999990000001,153,-49862.69984700001
infratel_15min,2018-04-25 13:15:00,326.3999990000001,-153,49939.19984700001
hindunilvr_15min,2018-04-27 13:15:00,1479.5,33,-48823.5
hindunilvr_15min,2018-04-27 13:45:00,1478.9,-33,48803.700000000004
eichermot_15min,2018-04-27 14:00:00,32020.0,1,-32020.0
eichermot_15min,2018-04-30 09:45:00,31857.5,-1,31857.5
mm_15min,2018-05-04 09:45:00,861.75,57,-49119.75
mm_15min,2018-05-04 10:00:00,861.95,-57,49131.15
sunpharma_15min,2018-05-04 11:15:00,525.85,94,-49429.9
sunpharma_15min,2018-05-04 12:15:00,525.899999,-94,49434.599905999996
bajaj_auto_15min,2018-05-07 13:45:00,2929.59999,17,-49803.199830000005
asianpaint_15min,2018-05-07 14:00:00,1194.7,-41,48982.700000000004
bajaj_auto_15min,2018-05-07 14:15:00,2924.94999,-17,49724.14983
asianpaint_15min,2018-05-07 14:30:00,1193.4,41,-48929.4
titan_15min,2018-05-07 15:00:00,975.7,51,-49760.700000000004
gail_15min,2018-05-08 12:45:00,170.55,292,-49800.600000000006
gail_15min,2018-05-08 13:30:00,170.625,-292,49822.5
reliance_15min,2018-05-08 13:45:00,971.0,51,-49521.0
reliance_15min,2018-05-08 14:00:00,970.5,-51,49495.5
sunpharma_15min,2018-05-14 10:30:00,482.899999,-103,49738.699897
sunpharma_15min,2018-05-14 11:15:00,485.25,103,-49980.75
jswsteel_15min,2018-05-15 14:00:00,335.8,148,-49698.4
jswsteel_15min,2018-05-15 14:45:00,329.8999990000001,-148,48825.19985200001
coalindia_15min,2018-05-18 12:30:00,271.0,184,-49864.0
coalindia_15min,2018-05-18 13:00:00,271.64999900000004,-184,49983.59981600001
bajaj_auto_15min,2018-05-18 14:15:00,2875.0,17,-48875.0
bajaj_auto_15min,2018-05-18 14:45:00,2825.0,-17,48025.0
ntpc_15min,2018-05-22 14:45:00,138.45833333333334,360,-49845.0
ntpc_15min,2018-05-22 15:00:00,138.41666583333333,-360,49829.9997
tatasteel_15min,2018-05-24 14:45:00,545.5499990000002,91,-49645.049909000016
tatasteel_15min,2018-05-24 15:00:00,546.25,-91,49708.75
titan_15min,2018-06-01 10:30:00,913.149999,-54,49310.099946
titan_15min,2018-06-01 11:15:00,913.25,54,-49315.5
grasim_15min,2018-06-01 11:30:00,1035.45,48,-49701.600000000006
grasim_15min,2018-06-01 11:45:00,1028.59999,-48,49372.79952
lt_15min,2018-06-01 14:00:00,1375.7,36,-49525.200000000004
lt_15min,2018-06-01 14:15:00,1377.54999,-36,49591.79964
zeel_15min,2018-06-01 14:30:00,558.149999,-89,49675.349911
grasim_15min,2018-06-07 14:30:00,1044.59999,47,-49096.19953
grasim_15min,2018-06-07 14:45:00,1044.2,-47,49077.4
hcltech_15min,2018-06-11 12:00:00,461.6,108,-49852.8
hcltech_15min,2018-06-11 12:15:00,462.1999995,-108,49917.599946
bajaj_auto_15min,2018-06-11 14:30:00,2901.5,17,-49325.5
bajaj_auto_15min,2018-06-11 15:00:00,2899.9,-17,49298.3
ultracemco_15min,2018-06-12 10:00:00,3788.09999,13,-49245.29987
ultracemco_15min,2018-06-12 11:15:00,3785.5,-13,49211.5
itc_15min,2018-06-12 15:30:00,271.0,184,-49864.0
itc_15min,2018-06-13 09:30:00,271.1,-184,49882.4
cipla_15min,2018-06-13 14:30:00,581.75,85,-49448.75
bajaj_auto_15min,2018-06-14 09:30:00,2906.05,17,-49402.850000000006
bajaj_auto_15min,2018-06-14 09:45:00,2915.5,-17,49563.5
hdfc_15min,2018-06-15 10:15:00,1835.0,27,-49545.0
hdfc_15min,2018-06-15 13:30:00,1829.65,-27,49400.55
hcltech_15min,2018-06-15 13:45:00,470.1,106,-49830.600000000006
hcltech_15min,2018-06-15 14:00:00,470.25,-106,49846.5
bajfinance_15min,2018-06-18 11:30:00,2265.0,22,-49830.0
bajfinance_15min,2018-06-18 11:45:00,2261.05,-22,49743.100000000006
cipla_15min,2018-06-18 12:00:00,601.5499990000002,-85,51131.749915000015
bhartiartl_15min,2018-06-18 13:45:00,376.19999900000005,132,-49658.39986800001
bhartiartl_15min,2018-06-18 14:15:00,375.19999900000005,-132,49526.39986800001
infy_15min,2018-06-18 14:45:00,631.049995,79,-49852.949604999994
infy_15min,2018-06-18 15:00:00,630.625,-79,49819.375
bpcl_15min,2018-06-21 10:45:00,408.5,122,-49837.0
bpcl_15min,2018-06-21 11:15:00,409.44999900000005,-122,49952.899878000004
wipro_15min,2018-06-25 13:15:00,192.86249925000004,258,-49758.52480650001
wipro_15min,2018-06-25 13:30:00,192.45000000000002,-258,49652.100000000006
vedl_15min,2018-06-25 14:00:00,232.5,214,-49755.0
vedl_15min,2018-06-25 14:30:00,231.8,-214,49605.200000000004
coalindia_15min,2018-06-26 14:00:00,263.6,189,-49820.4
coalindia_15min,2018-06-27 10:30:00,263.25,-189,49754.25
kotakbank_15min,2018-06-29 15:00:00,1341.65,37,-49641.05
kotakbank_15min,2018-06-29 15:30:00,1340.0,-37,49580.0
grasim_15min,2018-07-02 15:00:00,994.45,-50,49722.5
zeel_15min,2018-07-02 15:15:00,538.0,-92,49496.0
zeel_15min,2018-07-03 09:30:00,539.649999,92,-49647.799908
grasim_15min,2018-07-03 13:00:00,992.7,50,-49635.0
cipla_15min,2018-07-04 12:00:00,630.35,79,-49797.65
cipla_15min,2018-07-04 12:15:00,630.85,-79,49837.15
gail_15min,2018-07-05 11:00:00,173.07499950000008,288,-49845.59985600002
gail_15min,2018-07-05 11:15:00,172.59999950000002,-288,49708.799856000005
gail_15min,2018-07-06 11:30:00,173.07499950000008,288,-49845.59985600002
gail_15min,2018-07-06 12:00:00,172.875,-288,49788.0
adaniports_15min,2018-07-09 15:15:00,369.1,135,-49828.5
adaniports_15min,2018-07-09 15:30:00,368.75,-135,49781.25
lt_15min,2018-07-10 11:45:00,1280.0,38,-48640.0
lt_15min,2018-07-10 12:15:00,1281.09999,-38,48681.79962
wipro_15min,2018-07-11 12:00:00,203.92499925000004,244,-49757.69981700001
wipro_15min,2018-07-12 10:15:00,203.70000000000002,-244,49702.8
infy_15min,2018-07-12 10:45:00,653.899995,76,-49696.39962
infy_15min,2018-07-12 11:00:00,651.6,-76,49521.6
ioc_15min,2018-07-12 13:45:00,158.05,315,-49785.75
ioc_15min,2018-07-12 14:30:00,157.849999,-315,49722.749685
nestleind_15min,2018-07-13 15:15:00,10139.2,4,-40556.8
nestleind_15min,2018-07-16 15:00:00,10184.95,-4,40739.8
infy_15min,2018-07-20 14:15:00,674.924995,73,-49269.524634999994
infy_15min,2018-07-23 10:15:00,671.25,-73,49001.25
gail_15min,2018-07-25 11:45:00,181.84999950000002,274,-49826.899863000006
gail_15min,2018-07-26 09:30:00,182.55,-274,50018.700000000004
powergrid_15min,2018-07-26 10:45:00,176.5,-282,49773.0
powergrid_15min,2018-07-26 11:30:00,176.9,282,-49885.8
adaniports_15min,2018-07-27 11:00:00,398.6,125,-49825.0
adaniports_15min,2018-07-27 11:30:00,397.399999,-125,49674.999874999994
zeel_15min,2018-07-27 13:45:00,521.95,95,-49585.25000000001
itc_15min,2018-07-27 14:15:00,300.85,165,-49640.25000000001
zeel_15min,2018-07-30 09:45:00,521.0,-95,49495.0
bpcl_15min,2018-07-30 13:15:00,396.44999900000005,125,-49556.24987500001
ioc_15min,2018-07-30 13:45:00,165.8,300,-49740.0
bpcl_15min,2018-07-30 14:00:00,396.649999,-125,49581.249874999994
ioc_15min,2018-07-30 14:30:00,165.55,-300,49665.0
itc_15min,2018-07-31 09:45:00,301.44999900000005,-165,49739.24983500001
ultracemco_15min,2018-07-31 11:15:00,4196.0,11,-46156.0
mm_15min,2018-07-31 11:30:00,931.7,53,-49380.100000000006
mm_15min,2018-07-31 12:00:00,933.35,-53,49467.55
bpcl_15min,2018-08-01 14:30:00,396.0,125,-49500.0
nestleind_15min,2018-08-03 11:30:00,10700.0,4,-42800.0
nestleind_15min,2018-08-03 11:45:00,10692.2,-4,42768.8
bpcl_15min,2018-08-03 13:00:00,403.75,-125,50468.75
ntpc_15min,2018-08-06 12:00:00,130.91666583333333,381,-49879.2496825
ntpc_15min,2018-08-06 12:30:00,130.87500000000003,-381,49863.37500000001
hdfcbank_15min,2018-08-08 15:00:00,1071.724995,46,-49299.34977
hdfcbank_15min,2018-08-08 15:30:00,1071.0499949999999,-46,49268.29976999999
infy_15min,2018-08-09 14:00:00,692.75,72,-49878.0
infy_15min,2018-08-10 10:30:00,690.924995,-72,49746.59964
vedl_15min,2018-08-10 12:00:00,227.75,219,-49877.25
vedl_15min,2018-08-10 12:30:00,227.3,-219,49778.700000000004
powergrid_15min,2018-08-10 12:45:00,190.349999,262,-49871.699737999996
powergrid_15min,2018-08-10 13:15:00,189.949999,-262,49766.899738
maruti_15min,2018-08-13 12:15:00,9110.29999,-5,45551.49995
maruti_15min,2018-08-13 12:30:00,9119.0,5,-45595.0
bajaj_auto_15min,2018-08-13 15:30:00,2644.0,18,-47592.0
bajaj_auto_15min,2018-08-14 09:30:00,2652.5,-18,47745.0
gail_15min,2018-08-16 14:30:00,196.525,253,-49720.825000000004
gail_15min,2018-08-17 10:00:00,194.375,-253,49176.875
asianpaint_15min,2018-08-20 15:15:00,1416.79999,35,-49587.99965
kotakbank_15min,2018-08-21 10:00:00,1269.65,39,-49516.350000000006
kotakbank_15min,2018-08-21 10:15:00,1270.9,-39,49565.100000000006
asianpaint_15min,2018-08-21 12:15:00,1414.65,-35,49512.75
bhartiartl_15min,2018-08-27 14:00:00,373.8,133,-49715.4
eichermot_15min,2018-08-27 14:30:00,28791.7999,-1,28791.7999
eichermot_15min,2018-08-27 14:45:00,28815.95,1,-28815.95
eichermot_15min,2018-08-28 12:30:00,28763.65,1,-28763.65
eichermot_15min,2018-08-28 12:45:00,28703.3499,-1,28703.3499
bhartiartl_15min,2018-08-28 13:45:00,376.399999,-133,50061.199866999996
zeel_15min,2018-08-28 14:00:00,512.399999,-97,49702.799903
kotakbank_15min,2018-08-28 15:30:00,1282.95,38,-48752.1
kotakbank_15min,2018-08-29 09:30:00,1283.59999,-38,48776.79962
reliance_15min,2018-09-06 10:30:00,1242.59999,-40,49703.999599999996
reliance_15min,2018-09-06 10:45:00,1244.84999,40,-49793.999599999996
eichermot_15min,2018-09-06 13:30:00,28982.65,1,-28982.65
eichermot_15min,2018-09-06 13:45:00,28924.0,-1,28924.0
ioc_15min,2018-09-07 12:15:00,153.55,-325,49903.75000000001
gail_15min,2018-09-10 11:30:00,186.875,266,-49708.75
gail_15min,2018-09-10 11:45:00,186.15,-266,49515.9
bhartiartl_15min,2018-09-10 12:00:00,386.0,129,-49794.0
mm_15min,2018-09-10 12:15:00,959.95,-51,48957.450000000004
bhartiartl_15min,2018-09-10 12:45:00,387.0,-129,49923.0
bajajfinsv_15min,2018-09-17 11:30:00,6585.0,7,-46095.0
bajajfinsv_15min,2018-09-17 13:30:00,6611.0,-7,46277.0
powergrid_15min,2018-09-18 10:15:00,199.349999,250,-49837.49975
powergrid_15min,2018-09-18 10:45:00,198.75,-250,49687.5
ntpc_15min,2018-09-19 11:30:00,143.37500000000003,-348,49894.50000000001
ntpc_15min,2018-09-19 11:45:00,142.91666666666669,348,-49735.00000000001
infy_15min,2018-09-24 15:30:00,720.1,69,-49686.9
infy_15min,2018-09-25 09:45:00,720.35,-69,49704.15
hdfcbank_15min,2018-10-03 10:30:00,1011.7749949999999,49,-49576.974754999996
hdfcbank_15min,2018-10-03 11:00:00,1011.75,-49,49575.75
techm_15min,2018-10-03 11:15:00,758.0,65,-49270.0
upl_15min,2018-10-03 11:30:00,431.3333333333333,-114,49172.0
techm_15min,2018-10-03 14:30:00,760.35,-65,49422.75
sbin_15min,2018-10-03 15:30:00,272.5,183,-49867.5
sbin_15min,2018-10-04 09:30:00,267.39999900000004,-183,48934.19981700001
vedl_15min,2018-10-09 12:15:00,212.55,-234,49736.700000000004
vedl_15min,2018-10-09 12:45:00,212.199999,234,-49654.799766
bajaj_auto_15min,2018-10-10 14:45:00,2610.0,19,-49590.0
bajaj_auto_15min,2018-10-11 09:30:00,2547.84999,-19,48409.14981
infratel_15min,2018-10-11 11:30:00,262.5,-189,49612.5
nestleind_15min,2018-10-11 13:45:00,9444.5,-5,47222.5
nestleind_15min,2018-10-11 14:15:00,9431.6,5,-47158.0
infratel_15min,2018-10-12 10:00:00,265.19999900000005,189,-50122.79981100001
zeel_15min,2018-10-12 13:45:00,471.1,105,-49465.5
zeel_15min,2018-10-12 14:15:00,466.75,-105,49008.75
coalindia_15min,2018-10-15 10:45:00,275.44999900000005,180,-49580.99982000001
coalindia_15min,2018-10-15 11:00:00,275.64999900000004,-180,49616.999820000005
britannia_15min,2018-10-16 10:15:00,2868.925,-17,48771.725000000006
britannia_15min,2018-10-16 10:30:00,2867.4,17,-48745.8
ultracemco_15min,2018-10-17 12:00:00,3750.0,13,-48750.0
ultracemco_15min,2018-10-17 14:30:00,3745.0,-13,48685.0
heromotoco_15min,2018-10-24 10:45:00,2706.0,18,-48708.0
heromotoco_15min,2018-10-24 11:00:00,2697.0,-18,48546.0
ntpc_15min,2018-10-25 09:30:00,135.7083325,-364,49397.83303
ntpc_15min,2018-10-25 10:15:00,136.8333325,364,-49807.33303
coalindia_15min,2018-10-30 10:45:00,283.55,175,-49621.25
reliance_15min,2018-10-30 11:15:00,1072.84999,46,-49351.099539999996
reliance_15min,2018-10-30 11:45:00,1065.34999,-46,49006.099539999996
coalindia_15min,2018-10-30 12:15:00,281.6499990000001,-175,49288.74982500001
infy_15min,2018-11-01 10:15:00,677.95,73,-49490.350000000006
hcltech_15min,2018-11-01 10:30:00,515.325,96,-49471.200000000004
infy_15min,2018-11-01 10:45:00,679.6,-73,49610.8
hcltech_15min,2018-11-01 11:00:00,511.949995,-96,49147.19952
britannia_15min,2018-11-01 12:30:00,2809.75,17,-47765.75
gail_15min,2018-11-01 13:00:00,183.32499950000002,-272,49864.399864000006
britannia_15min,2018-11-01 13:15:00,2825.0,-17,48025.0
powergrid_15min,2018-11-02 14:00:00,190.65,261,-49759.65
powergrid_15min,2018-11-02 15:15:00,190.55,-261,49733.55
ultracemco_15min,2018-11-05 09:30:00,3695.69999,13,-48044.09987
ultracemco_15min,2018-11-05 10:15:00,3725.05,-13,48425.65
bajaj_auto_15min,2018-11-09 14:45:00,2704.8,18,-48686.4
asianpaint_15min,2018-11-09 15:00:00,1300.0,38,-49400.0
adaniports_15min,2018-11-12 11:00:00,333.75,149,-49728.75
jswsteel_15min,2018-11-12 11:15:00,346.5,143,-49549.5
asianpaint_15min,2018-11-12 11:30:00,1299.0,-38,49362.0
adaniports_15min,2018-11-12 11:45:00,331.35,-149,49371.15
ongc_15min,2018-11-15 10:15:00,159.599999,312,-49795.199688
ongc_15min,2018-11-15 10:45:00,159.65,-312,49810.8
eichermot_15min,2018-11-19 13:30:00,24932.7999,1,-24932.7999
eichermot_15min,2018-11-20 09:30:00,24915.0,-1,24915.0
hindalco_15min,2018-11-20 09:45:00,229.65,-212,48685.8
hdfc_15min,2018-11-20 10:15:00,1881.54999,26,-48920.29974
hdfc_15min,2018-11-20 10:45:00,1883.95,-26,48982.700000000004
ultracemco_15min,2018-11-20 14:15:00,3999.0,12,-47988.0
ultracemco_15min,2018-11-20 14:30:00,3976.8,-12,47721.600000000006
icicibank_15min,2018-11-22 10:15:00,355.75,139,-49449.25
icicibank_15min,2018-11-22 10:30:00,355.0,-139,49345.0
bajajfinsv_15min,2018-11-22 13:30:00,5818.25,8,-46546.0
bajajfinsv_15min,2018-11-22 13:45:00,5811.44999,-8,46491.59992
techm_15min,2018-11-27 12:00:00,689.399999,72,-49636.799928
techm_15min,2018-11-27 12:15:00,688.5,-72,49572.0
axisbank_15min,2018-11-27 13:00:00,626.149999,79,-49465.849921
axisbank_15min,2018-11-27 13:15:00,624.35,-79,49323.65
powergrid_15min,2018-11-27 14:15:00,182.9,272,-49748.8
powergrid_15min,2018-11-27 14:45:00,181.8,-272,49449.600000000006
nestleind_15min,2018-11-29 10:15:00,10602.7,4,-42410.8
nestleind_15min,2018-11-29 10:30:00,10602.5,-4,42410.0
zeel_15min,2018-11-29 15:00:00,482.8,103,-49728.4
zeel_15min,2018-11-29 15:15:00,483.55,-103,49805.65
bajajfinsv_15min,2018-11-30 10:45:00,5998.94999,8,-47991.59992
coalindia_15min,2018-11-30 11:15:00,243.949999,-204,49765.799796
bajajfinsv_15min,2018-11-30 11:45:00,6025.44999,-8,48203.59992
britannia_15min,2018-12-03 12:30:00,3098.0,16,-49568.0
britannia_15min,2018-12-03 13:00:00,3096.4,-16,49542.4
hindunilvr_15min,2018-12-04 15:30:00,1814.79999,27,-48999.59973
hindunilvr_15min,2018-12-05 09:30:00,1812.0,-27,48924.0
hcltech_15min,2018-12-06 10:30:00,517.475,96,-49677.600000000006
hcltech_15min,2018-12-06 10:45:00,519.924995,-96,49912.79952
bajaj_auto_15min,2018-12-06 15:00:00,2745.69999,18,-49422.59982
bajaj_auto_15min,2018-12-06 15:15:00,2741.05,-18,49338.9
bhartiartl_15min,2018-12-13 12:45:00,305.55,163,-49804.65
bhartiartl_15min,2018-12-13 13:15:00,304.6,-163,49649.8
zeel_15min,2018-12-18 10:30:00,489.0,101,-49389.0
zeel_15min,2018-12-18 11:00:00,486.149999,-101,49101.149899
vedl_15min,2018-12-19 10:15:00,206.849999,240,-49643.99976
vedl_15min,2018-12-19 10:45:00,206.949999,-240,49667.99976
hdfc_15min,2018-12-20 10:15:00,1958.0,25,-48950.0
hdfc_15min,2018-12-20 10:30:00,1957.25,-25,48931.25
axisbank_15min,2018-12-20 11:15:00,634.899999,78,-49522.199922
axisbank_15min,2018-12-20 11:30:00,633.5499990000002,-78,49416.89992200001
mm_15min,2018-12-21 11:45:00,789.5,63,-49738.5
mm_15min,2018-12-21 12:00:00,787.0,-63,49581.0
hdfcbank_15min,2018-12-21 12:15:00,1063.4249949999999,46,-48917.54976999999
hdfcbank_15min,2018-12-21 12:45:00,1063.099995,-46,48902.59977
nestleind_15min,2018-12-24 13:45:00,11030.2999,4,-44121.1996
nestleind_15min,2018-12-24 14:00:00,10977.2,-4,43908.8
bajaj_auto_15min,2018-12-27 12:15:00,2718.9,18,-48940.200000000004
bajaj_auto_15min,2018-12-27 12:30:00,2712.0,-18,48816.0
bajajfinsv_15min,2018-12-27 13:00:00,6412.0,7,-44884.0
bajajfinsv_15min,2018-12-31 13:15:00,6527.39999,-7,45691.79993
bajaj_auto_15min,2018-12-31 14:45:00,2748.69999,18,-49476.59982
bajaj_auto_15min,2018-12-31 15:00:00,2742.19999,-18,49359.59982
sbin_15min,2019-01-02 13:15:00,297.8999990000001,166,-49451.39983400002
sbin_15min,2019-01-02 13:30:00,297.6,-166,49401.600000000006
hcltech_15min,2019-01-03 10:45:00,479.8249995,-103,49421.9749485
hcltech_15min,2019-01-03 11:00:00,477.85,103,-49218.55
techm_15min,2019-01-09 14:00:00,695.95,71,-49412.450000000004
techm_15min,2019-01-09 14:15:00,690.0,-71,48990.0
icicibank_15min,2019-01-10 09:45:00,381.8,-130,49634.0
icicibank_15min,2019-01-10 10:00:00,381.149999,130,-49549.49987
nestleind_15min,2019-01-11 10:45:00,11316.0,4,-45264.0
nestleind_15min,2019-01-11 11:30:00,11240.0,-4,44960.0
techm_15min,2019-01-16 10:30:00,701.95,70,-49136.5
techm_15min,2019-01-16 11:45:00,702.2,-70,49154.0
hdfc_15min,2019-01-16 12:00:00,1988.04999,25,-49701.24975
hdfc_15min,2019-01-16 12:30:00,1988.0,-25,49700.0
lt_15min,2019-01-17 09:30:00,1350.0,36,-48600.0
lt_15min,2019-01-17 09:45:00,1348.0,-36,48528.0
ultracemco_15min,2019-02-01 12:00:00,3486.5,14,-48811.0
ultracemco_15min,2019-02-01 13:00:00,3506.75,-14,49094.5
mm_15min,2019-02-01 15:15:00,690.2,72,-49694.4
mm_15min,2019-02-01 15:30:00,693.0499990000003,-72,49899.599928000025
maruti_15min,2019-02-04 10:15:00,6904.649990000001,7,-48332.54993000001
hdfc_15min,2019-02-04 10:30:00,1954.0,25,-48850.0
hdfc_15min,2019-02-04 10:45:00,1954.5,-25,48862.5
maruti_15min,2019-02-04 13:45:00,6960.8,-7,48725.6
titan_15min,2019-02-06 11:00:00,1059.29999,46,-48727.79954
titan_15min,2019-02-06 11:30:00,1061.09999,-46,48810.599539999996
powergrid_15min,2019-02-06 15:30:00,185.099999,269,-49791.899731
powergrid_15min,2019-02-07 11:00:00,184.75,-269,49697.75
ongc_15min,2019-02-08 09:30:00,142.65,-346,49356.9
ongc_15min,2019-02-08 09:45:00,144.0,346,-49824.0
vedl_15min,2019-02-11 13:45:00,153.0,-325,49725.0
vedl_15min,2019-02-11 14:30:00,154.5,325,-50212.5
ioc_15min,2019-02-12 12:30:00,134.199999,370,-49653.99963
ioc_15min,2019-02-12 13:15:00,134.25,-370,49672.5
zeel_15min,2019-02-15 10:45:00,424.35,117,-49648.950000000004
zeel_15min,2019-02-15 11:30:00,422.5,-117,49432.5
gail_15min,2019-02-18 11:15:00,156.82499950000005,317,-49713.52484150002
gail_15min,2019-02-18 11:30:00,156.32499950000005,-317,49555.02484150002
nestleind_15min,2019-02-19 15:00:00,10520.45,4,-42081.8
icicibank_15min,2019-02-19 15:30:00,344.0,144,-49536.0
icicibank_15min,2019-02-20 09:45:00,346.75,-144,49932.0
gail_15min,2019-02-21 11:30:00,163.5,304,-49704.0
titan_15min,2019-02-22 10:15:00,1035.9,48,-49723.200000000004
gail_15min,2019-02-22 10:45:00,165.34999950000002,-304,50266.39984800001
hdfcbank_15min,2019-02-22 11:30:00,1055.875,47,-49626.125
hdfcbank_15min,2019-02-22 11:45:00,1055.075,-47,49588.525
bajajfinsv_15min,2019-02-22 13:45:00,6203.0,8,-49624.0
hcltech_15min,2019-02-22 14:15:00,529.975,93,-49287.675
hcltech_15min,2019-02-22 14:30:00,531.0,-93,49383.0
bajajfinsv_15min,2019-02-22 15:00:00,6202.39999,-8,49619.19992
icicibank_15min,2019-02-25 14:45:00,355.19999900000005,140,-49727.99986
icicibank_15min,2019-02-25 15:00:00,354.55,-140,49637.0
nestleind_15min,2019-02-26 10:30:00,10702.5,-4,42810.0
titan_15min,2019-02-27 12:15:00,1030.0,48,-49440.0
titan_15min,2019-02-27 12:30:00,1023.79999,-48,49142.39952
bajajfinsv_15min,2019-03-01 13:30:00,6465.0,7,-45255.0
hdfcbank_15min,2019-03-01 13:45:00,1046.775,-47,49198.425
bajajfinsv_15min,2019-03-01 14:00:00,6457.0,-7,45199.0
axisbank_15min,2019-03-06 12:00:00,723.649999,68,-49208.199931999996
axisbank_15min,2019-03-06 12:15:00,723.95,-68,49228.600000000006
bajajfinsv_15min,2019-03-08 10:30:00,6590.1,7,-46130.700000000004
bajajfinsv_15min,2019-03-08 10:45:00,6593.25,-7,46152.75
vedl_15min,2019-03-12 13:45:00,176.8,281,-49680.8
asianpaint_15min,2019-03-12 14:00:00,1434.34999,34,-48767.899659999995
asianpaint_15min,2019-03-13 09:30:00,1440.54999,-34,48978.69966
zeel_15min,2019-03-13 10:15:00,459.5,108,-49626.0
zeel_15min,2019-03-13 10:45:00,456.399999,-108,49291.199892
jswsteel_15min,2019-03-14 11:00:00,285.6,174,-49694.4
jswsteel_15min,2019-03-14 11:15:00,286.3,-174,49816.200000000004
infratel_15min,2019-03-18 10:30:00,313.69999900000005,158,-49564.59984200001
hcltech_15min,2019-03-18 11:15:00,512.625,97,-49724.625
hcltech_15min,2019-03-18 11:30:00,512.75,-97,49736.75
hdfc_15min,2019-03-18 12:00:00,1977.29999,-25,49432.49975
britannia_15min,2019-03-20 11:00:00,3107.94999,16,-49727.19984
britannia_15min,2019-03-20 11:15:00,3110.0,-16,49760.0
infratel_15min,2019-03-20 11:30:00,327.69999900000005,-158,51776.59984200001
axisbank_15min,2019-03-20 13:00:00,760.0,65,-49400.0
axisbank_15min,2019-03-20 13:15:00,760.7,-65,49445.5
jswsteel_15min,2019-03-28 10:00:00,285.35,174,-49650.9
jswsteel_15min,2019-03-28 10:30:00,286.19999900000005,-174,49798.79982600001
hdfc_15min,2019-04-01 12:15:00,1966.4,25,-49160.0
hdfc_15min,2019-04-01 12:30:00,1966.0,-25,49150.0
hcltech_15min,2019-04-02 10:15:00,554.475,89,-49348.275
hcltech_15min,2019-04-02 10:30:00,554.375,-89,49339.375
asianpaint_15min,2019-04-03 13:15:00,1523.9,32,-48764.8
asianpaint_15min,2019-04-03 13:45:00,1522.84999,-32,48731.19968
tatamotors_15min,2019-04-05 11:30:00,204.9,243,-49790.700000000004
tatamotors_15min,2019-04-05 11:45:00,205.3,-243,49887.9
vedl_15min,2019-04-08 11:00:00,190.5,261,-49720.5
vedl_15min,2019-04-08 11:30:00,190.349999,-261,49681.349739
indusindbk_15min,2019-04-08 14:00:00,1779.5499899999998,27,-48047.849729999994
indusindbk_15min,2019-04-08 14:15:00,1772.34999,-27,47853.44973
ongc_15min,2019-04-09 09:30:00,159.099999,314,-49957.399686
ongc_15min,2019-04-09 09:45:00,158.599999,-314,49800.399686
heromotoco_15min,2019-04-09 12:45:00,2608.0,-19,49552.0
heromotoco_15min,2019-04-09 13:15:00,2622.5,19,-49827.5
bhartiartl_15min,2019-04-09 14:45:00,350.69999900000005,-142,49799.399858000004
hcltech_15min,2019-04-09 15:00:00,559.924995,88,-49273.39956
bhartiartl_15min,2019-04-09 15:15:00,350.1,142,-49714.200000000004
hcltech_15min,2019-04-10 10:00:00,556.149995,-88,48941.19956
cipla_15min,2019-04-11 14:15:00,548.7999990000002,90,-49391.99991000001
cipla_15min,2019-04-11 14:30:00,549.5499990000002,-90,49459.49991000001
bhartiartl_15min,2019-04-15 13:45:00,339.05,-146,49501.3
bhartiartl_15min,2019-04-15 14:15:00,340.1,146,-49654.600000000006
coalindia_15min,2019-04-16 11:30:00,249.59999900000003,199,-49670.39980100001
coalindia_15min,2019-04-16 12:00:00,248.55,-199,49461.450000000004
grasim_15min,2019-04-18 10:15:00,873.2999990000002,56,-48904.79994400001
grasim_15min,2019-04-18 10:45:00,876.2,-56,49067.200000000004
indusindbk_15min,2019-04-18 11:00:00,1789.65,-27,48320.55
tatamotors_15min,2019-04-22 12:15:00,237.65,-209,49668.85
tatamotors_15min,2019-04-22 12:30:00,238.199999,209,-49783.799791
itc_15min,2019-04-25 14:15:00,306.69999900000005,162,-49685.399838000005
itc_15min,2019-04-25 15:15:00,303.8999990000001,-162,49231.79983800001
ioc_15min,2019-04-26 13:45:00,155.199999,320,-49663.99967999999
ioc_15min,2019-04-26 14:30:00,155.05,-320,49616.0
bpcl_15min,2019-05-03 13:45:00,381.5,130,-49595.0
bpcl_15min,2019-05-03 14:00:00,381.0,-130,49530.0
drreddy_15min,2019-05-10 12:30:00,2895.59999,17,-49225.199830000005
drreddy_15min,2019-05-10 12:45:00,2894.65,-17,49209.05
gail_15min,2019-05-15 11:45:00,171.4,290,-49706.0
gail_15min,2019-05-15 12:30:00,170.25,-290,49372.5
mm_15min,2019-05-15 14:00:00,623.0,79,-49217.0
mm_15min,2019-05-15 14:45:00,622.0499990000002,-79,49141.949921000014
eichermot_15min,2019-05-16 10:30:00,19678.2,2,-39356.4
adaniports_15min,2019-05-16 10:45:00,365.649999,-136,49728.399864
adaniports_15min,2019-05-16 11:45:00,368.69999900000005,136,-50143.19986400001
techm_15min,2019-05-16 15:15:00,792.649999,-62,49144.299938
techm_15min,2019-05-16 15:30:00,792.1,62,-49110.200000000004
adaniports_15min,2019-05-17 10:45:00,366.399999,135,-49463.999865
adaniports_15min,2019-05-17 11:15:00,365.8,-135,49383.0
ioc_15min,2019-05-17 11:45:00,147.599999,337,-49741.199663
ioc_15min,2019-05-17 12:00:00,148.05,-337,49892.850000000006
tatasteel_15min,2019-05-20 14:00:00,484.649999,102,-49434.299898
tatasteel_15min,2019-05-20 15:15:00,484.75,-102,49444.5
ntpc_15min,2019-05-21 10:45:00,128.5,387,-49729.5
powergrid_15min,2019-05-21 11:00:00,187.3,-266,49821.8
adaniports_15min,2019-05-21 11:15:00,388.55,128,-49734.4
adaniports_15min,2019-05-21 11:45:00,388.85,-128,49772.8
hdfc_15min,2019-05-22 11:00:00,2146.25,-23,49363.75
hdfc_15min,2019-05-22 11:15:00,2144.34999,23,-49320.049770000005
adaniports_15min,2019-05-24 09:30:00,410.399999,121,-49658.399879
adaniports_15min,2019-05-24 10:00:00,400.899999,-121,48508.899879
powergrid_15min,2019-05-27 13:45:00,187.65,265,-49727.25
powergrid_15min,2019-05-27 14:30:00,187.65,-265,49727.25
sbin_15min,2019-05-28 10:15:00,357.1,139,-49636.9
lt_15min,2019-05-28 10:30:00,1569.54999,31,-48656.04969
lt_15min,2019-05-28 10:45:00,1575.45,-31,48838.950000000004
drreddy_15min,2019-05-31 14:15:00,2656.84999,18,-47823.29982
drreddy_15min,2019-05-31 14:45:00,2643.25,-18,47578.5
hcltech_15min,2019-06-04 10:15:00,547.475,90,-49272.75
hcltech_15min,2019-06-04 10:30:00,547.475,-90,49272.75
hindunilvr_15min,2019-06-04 12:00:00,1812.29999,27,-48932.09973
hindunilvr_15min,2019-06-04 12:15:00,1810.0,-27,48870.0
titan_15min,2019-06-04 12:30:00,1254.0,-39,48906.0
ntpc_15min,2019-06-04 15:30:00,135.55,366,-49611.3
ntpc_15min,2019-06-06 09:30:00,135.699999,-366,49666.199634
nestleind_15min,2019-06-11 15:15:00,11686.6,-4,46746.4
axisbank_15min,2019-06-12 10:15:00,813.149999,61,-49602.149938999995
axisbank_15min,2019-06-12 10:30:00,813.1,-61,49599.1
icicibank_15min,2019-06-14 10:15:00,418.149999,118,-49341.699882
icicibank_15min,2019-06-14 10:45:00,418.5,-118,49383.0
jswsteel_15min,2019-06-25 11:00:00,263.5,-188,49538.0
jswsteel_15min,2019-06-25 11:15:00,263.25,188,-49491.0
powergrid_15min,2019-06-27 11:00:00,207.699999,239,-49640.299760999995
powergrid_15min,2019-06-27 12:00:00,207.65,-239,49628.35
bajaj_auto_15min,2019-07-02 10:30:00,2832.19999,17,-48147.39983
bajaj_auto_15min,2019-07-02 10:45:00,2841.3,-17,48302.100000000006
hdfcbank_15min,2019-07-02 11:00:00,1243.099995,-40,49723.999800000005
cipla_15min,2019-07-04 10:30:00,554.2,89,-49323.8
cipla_15min,2019-07-04 12:15:00,553.2999990000002,-89,49243.69991100002
gail_15min,2019-07-05 10:15:00,153.97499950000002,323,-49733.92483850001
gail_15min,2019-07-05 10:45:00,153.4,-323,49548.200000000004
bajajfinsv_15min,2019-07-12 12:30:00,7749.1,-6,46494.600000000006
bajajfinsv_15min,2019-07-12 12:45:00,7773.0,6,-46638.0
gail_15min,2019-07-15 09:30:00,148.5,338,-50193.0
gail_15min,2019-07-15 09:45:00,147.199999,-338,49753.599662
cipla_15min,2019-07-15 10:30:00,554.1,89,-49314.9
cipla_15min,2019-07-15 11:00:00,554.75,-89,49372.75
tcs_15min,2019-07-16 10:45:00,2108.0999899999997,23,-48486.29976999999
tcs_15min,2019-07-16 11:15:00,2108.44999,-23,48494.34977
reliance_15min,2019-07-17 12:30:00,1285.54999,38,-48850.89962
reliance_15min,2019-07-17 12:45:00,1283.7,-38,48780.6
wipro_15min,2019-07-19 10:15:00,266.69999900000005,186,-49606.19981400001
wipro_15min,2019-07-19 10:45:00,266.8,-186,49624.8
sunpharma_15min,2019-07-22 14:15:00,429.3,115,-49369.5
sunpharma_15min,2019-07-22 15:00:00,431.05,-115,49570.75
nestleind_15min,2019-07-23 10:45:00,11427.6499,-4,45710.5996
nestleind_15min,2019-07-23 11:45:00,11375.0,4,-45500.0
infy_15min,2019-07-23 14:00:00,796.399999,62,-49376.799938
infy_15min,2019-07-23 15:00:00,791.899999,-62,49097.799938
powergrid_15min,2019-07-24 12:00:00,209.349999,237,-49615.949763
powergrid_15min,2019-07-24 12:30:00,208.65,-237,49450.05
ioc_15min,2019-07-24 12:45:00,147.349999,-337,49656.949663
ioc_15min,2019-07-24 13:00:00,147.3,337,-49640.100000000006
hcltech_15min,2019-07-25 11:30:00,506.975,98,-49683.55
hcltech_15min,2019-07-25 12:00:00,506.8,-98,49666.4
vedl_15min,2019-07-26 11:30:00,167.099999,297,-49628.699703
vedl_15min,2019-07-26 11:45:00,165.599999,-297,49183.199703
britannia_15min,2019-07-26 13:45:00,2656.69999,-18,47820.59982
britannia_15min,2019-07-26 14:15:00,2654.75,18,-47785.5
ultracemco_15min,2019-08-01 11:30:00,4291.3,11,-47204.3
ultracemco_15min,2019-08-01 11:45:00,4296.8,-11,47264.8
ioc_15min,2019-08-01 12:45:00,136.55,363,-49567.65
ioc_15min,2019-08-01 13:15:00,136.449999,-363,49531.349637
axisbank_15min,2019-08-05 13:45:00,671.2999990000002,-74,49676.199926000016
axisbank_15min,2019-08-05 14:00:00,668.0,74,-49432.0
bpcl_15min,2019-08-06 09:30:00,332.85,149,-49594.65
bpcl_15min,2019-08-06 11:15:00,332.44999900000005,-149,49535.04985100001
infy_15min,2019-08-07 09:30:00,777.2,64,-49740.8
infy_15min,2019-08-07 13:15:00,778.2999990000003,-64,49811.19993600002
cipla_15min,2019-08-08 10:15:00,507.3,97,-49208.1
cipla_15min,2019-08-08 10:30:00,504.0,-97,48888.0
tcs_15min,2019-08-09 11:00:00,2250.55,22,-49512.100000000006
tcs_15min,2019-08-09 11:30:00,2253.0,-22,49566.0
bhartiartl_15min,2019-08-16 10:15:00,356.75,139,-49588.25
bhartiartl_15min,2019-08-16 10:30:00,357.75,-139,49727.25
drreddy_15min,2019-08-16 10:45:00,2467.19999,-20,49343.999800000005
axisbank_15min,2019-08-23 11:30:00,666.1,-74,49291.4
axisbank_15min,2019-08-23 11:45:00,667.2,74,-49372.8
ongc_15min,2019-08-26 11:15:00,120.299999,413,-49683.899587
ongc_15min,2019-08-26 11:30:00,120.2,-413,49642.6
cipla_15min,2019-08-27 10:30:00,460.44999900000005,108,-49728.599892000006
cipla_15min,2019-08-27 10:45:00,459.8,-108,49658.4
bhartiartl_15min,2019-09-03 10:15:00,342.8,144,-49363.200000000004
zeel_15min,2019-09-03 10:30:00,364.55,136,-49578.8
bhartiartl_15min,2019-09-03 10:45:00,343.1,-144,49406.4
zeel_15min,2019-09-03 11:15:00,364.149999,-136,49524.399864
ntpc_15min,2019-09-05 14:00:00,123.099999,403,-49609.299597
infy_15min,2019-09-06 13:30:00,841.2,59,-49630.8
infy_15min,2019-09-06 14:30:00,842.399999,-59,49701.599941
infratel_15min,2019-09-09 10:30:00,249.09999900000003,199,-49570.89980100001
infratel_15min,2019-09-09 10:45:00,249.949999,-199,49740.049801
ntpc_15min,2019-09-09 15:30:00,126.2,-403,50858.6
coalindia_15min,2019-09-11 13:00:00,199.5,249,-49675.5
bhartiartl_15min,2019-09-11 13:15:00,354.55,140,-49637.0
bhartiartl_15min,2019-09-11 13:30:00,355.0,-140,49700.0
maruti_15min,2019-09-12 11:00:00,6502.69999,7,-45518.89993
maruti_15min,2019-09-12 11:45:00,6488.5,-7,45419.5
infratel_15min,2019-09-23 14:15:00,260.89999900000004,190,-49570.99981000001
infratel_15min,2019-09-23 14:30:00,261.25,-190,49637.5
britannia_15min,2019-09-23 15:00:00,3035.0,16,-48560.0
eichermot_15min,2019-09-24 11:15:00,18678.9,2,-37357.8
eichermot_15min,2019-09-24 11:45:00,18590.5,-2,37181.0
britannia_15min,2019-09-24 13:30:00,3079.55,-16,49272.8
bpcl_15min,2019-09-25 11:15:00,454.55,109,-49545.950000000004
bpcl_15min,2019-09-25 11:30:00,457.149999,-109,49829.349891
hcltech_15min,2019-09-25 14:30:00,527.924995,94,-49624.94953
hcltech_15min,2019-09-26 09:30:00,527.0,-94,49538.0
kotakbank_15min,2019-09-26 14:00:00,1622.79999,30,-48683.9997
kotakbank_15min,2019-09-26 14:45:00,1626.5,-30,48795.0
maruti_15min,2019-09-27 11:30:00,6791.35,7,-47539.450000000004
grasim_15min,2019-09-27 11:45:00,732.95,67,-49107.65
grasim_15min,2019-09-27 12:00:00,733.35,-67,49134.450000000004
coalindia_15min,2019-09-27 12:15:00,198.0,251,-49698.0
coalindia_15min,2019-09-27 12:30:00,197.55,-251,49585.05
ntpc_15min,2019-10-04 14:15:00,117.45,423,-49681.35
ntpc_15min,2019-10-04 14:30:00,118.15,-423,49977.450000000004
cipla_15min,2019-10-04 15:15:00,424.899999,117,-49713.299883
cipla_15min,2019-10-04 15:30:00,419.25,-117,49052.25
hindalco_15min,2019-10-10 10:30:00,183.15,271,-49633.65
hindalco_15min,2019-10-10 10:45:00,183.5,-271,49728.5
kotakbank_15min,2019-10-10 11:00:00,1593.4,31,-49395.4
ultracemco_15min,2019-10-10 11:15:00,4004.05,-12,48048.600000000006
kotakbank_15min,2019-10-10 11:30:00,1592.0,-31,49352.0
vedl_15min,2019-10-14 13:45:00,150.8,329,-49613.200000000004
vedl_15min,2019-10-14 15:30:00,148.349999,-329,48807.149671
upl_15min,2019-10-17 10:45:00,584.1,85,-49648.5
upl_15min,2019-10-17 11:00:00,584.649999,-85,49695.249915
infy_15min,2019-10-23 11:45:00,653.25,-76,49647.0
infy_15min,2019-10-23 12:15:00,653.0,76,-49628.0
axisbank_15min,2019-10-23 14:45:00,719.5499990000002,69,-49648.94993100001
axisbank_15min,2019-10-23 15:00:00,716.149999,-69,49414.349931
britannia_15min,2019-10-30 11:00:00,3333.15,14,-46664.1
britannia_15min,2019-10-30 11:15:00,3332.8,-14,46659.200000000004
bajajfinsv_15min,2019-10-30 11:45:00,8117.35,6,-48704.100000000006
bajajfinsv_15min,2019-10-30 12:15:00,8118.0,-6,48708.0
hindunilvr_15min,2019-10-30 12:30:00,2145.25,-23,49340.75
jswsteel_15min,2019-10-30 12:45:00,233.19999900000002,-214,49904.799786
wipro_15min,2019-11-01 11:15:00,257.44999900000005,192,-49430.39980800001
hcltech_15min,2019-11-01 11:30:00,577.5,86,-49665.0
hcltech_15min,2019-11-01 11:45:00,576.5,-86,49579.0
techm_15min,2019-11-04 14:00:00,761.0,65,-49465.0
techm_15min,2019-11-04 14:15:00,757.5,-65,49237.5
upl_15min,2019-11-05 15:30:00,608.95,81,-49324.950000000004
upl_15min,2019-11-06 11:45:00,609.85,-81,49397.85
eichermot_15min,2019-11-07 10:30:00,21420.95,2,-42841.9
eichermot_15min,2019-11-07 10:45:00,21422.75,-2,42845.5
wipro_15min,2019-11-08 12:00:00,258.94999900000005,191,-49459.44980900001
wipro_15min,2019-11-08 13:00:00,259.25,-191,49516.75
zeel_15min,2019-11-13 10:30:00,294.69999900000005,168,-49509.59983200001
zeel_15min,2019-11-13 10:45:00,297.8,-168,50030.4
eichermot_15min,2019-11-20 10:45:00,21512.0499,2,-43024.0998
eichermot_15min,2019-11-20 11:00:00,21540.0,-2,43080.0
hdfcbank_15min,2019-11-20 15:15:00,1271.65,39,-49594.350000000006
hdfcbank_15min,2019-11-21 09:30:00,1270.5,-39,49549.5
indusindbk_15min,2019-11-21 11:30:00,1451.5,34,-49351.0
indusindbk_15min,2019-11-21 12:00:00,1446.9,-34,49194.600000000006
heromotoco_15min,2019-11-21 14:00:00,2479.25,20,-49585.0
heromotoco_15min,2019-11-21 14:30:00,2464.19999,-20,49283.999800000005
hindunilvr_15min,2019-11-22 10:15:00,2033.04999,24,-48793.19976
hindunilvr_15min,2019-11-22 10:45:00,2029.0,-24,48696.0
hindunilvr_15min,2019-11-25 09:45:00,2031.9,-24,48765.600000000006
hindunilvr_15min,2019-11-25 10:15:00,2040.0,24,-48960.0
coalindia_15min,2019-11-25 13:45:00,199.3,249,-49625.700000000004
infratel_15min,2019-11-26 10:15:00,236.699999,209,-49470.299791
infratel_15min,2019-11-26 10:30:00,236.25,-209,49376.25
coalindia_15min,2019-11-26 12:30:00,200.55,-249,49936.950000000004
hindunilvr_15min,2019-11-28 10:30:00,2071.15,23,-47636.450000000004
hindunilvr_15min,2019-11-28 11:00:00,2073.34999,-23,47687.049770000005
ongc_15min,2019-11-29 11:00:00,131.8,376,-49556.8
ongc_15min,2019-11-29 11:15:00,132.05,-376,49650.8
grasim_15min,2019-11-29 12:15:00,792.25,62,-49119.5
grasim_15min,2019-11-29 12:30:00,795.75,-62,49336.5
ultracemco_15min,2019-11-29 13:00:00,4277.3,-11,47050.3
infy_15min,2019-12-02 11:15:00,696.75,71,-49469.25
infy_15min,2019-12-02 11:30:00,696.5499990000003,-71,49455.04992900002
titan_15min,2019-12-09 12:00:00,1183.0,-42,49686.0
titan_15min,2019-12-09 12:30:00,1184.45,42,-49746.9
axisbank_15min,2019-12-10 11:00:00,724.399999,68,-49259.199931999996
axisbank_15min,2019-12-10 11:15:00,724.1,-68,49238.8
tatamotors_15min,2019-12-13 13:30:00,177.3,280,-49644.0
tatamotors_15min,2019-12-13 14:30:00,176.9,-280,49532.0
nestleind_15min,2019-12-16 12:15:00,14207.0,3,-42621.0
nestleind_15min,2019-12-16 12:30:00,14210.0,-3,42630.0
icicibank_15min,2019-12-20 13:45:00,543.149999,91,-49426.649909
icicibank_15min,2019-12-20 15:00:00,542.2999990000002,-91,49349.299909000016
nestleind_15min,2019-12-23 14:30:00,14636.5,3,-43909.5
nestleind_15min,2019-12-23 14:45:00,14633.2999,-3,43899.8997
nestleind_15min,2019-12-26 11:00:00,14595.1,3,-43785.3
nestleind_15min,2019-12-26 11:45:00,14583.0,-3,43749.0
itc_15min,2019-12-27 14:45:00,238.65,208,-49639.200000000004
cipla_15min,2019-12-27 15:15:00,482.149999,103,-49661.449897
cipla_15min,2019-12-30 13:00:00,484.44999900000005,-103,49898.34989700001
coalindia_15min,2020-01-01 10:45:00,205.25,242,-49670.5
coalindia_15min,2020-01-01 11:00:00,204.599999,-242,49513.199758
tatasteel_15min,2020-01-03 10:15:00,482.1,103,-49656.3
tatasteel_15min,2020-01-03 11:45:00,484.1,-103,49862.3
infy_15min,2020-01-07 11:45:00,743.0499990000003,-66,49041.29993400002
bhartiartl_15min,2020-01-07 12:00:00,449.05,110,-49395.5
bhartiartl_15min,2020-01-07 12:30:00,448.35,-110,49318.5
infy_15min,2020-01-07 13:00:00,744.649999,66,-49146.899934
upl_15min,2020-01-09 13:30:00,607.5,81,-49207.5
bajaj_auto_15min,2020-01-09 13:45:00,3092.5,16,-49480.0
bajaj_auto_15min,2020-01-09 14:45:00,3089.9,-16,49438.4
infratel_15min,2020-01-10 14:15:00,249.199999,199,-49590.799801
infratel_15min,2020-01-10 14:30:00,249.65,-199,49680.35
ultracemco_15min,2020-01-13 14:00:00,4467.25,11,-49139.75
ultracemco_15min,2020-01-13 15:15:00,4477.0,-11,49247.0
bajaj_auto_15min,2020-01-14 14:30:00,3109.0,15,-46635.0
bajaj_auto_15min,2020-01-14 14:45:00,3113.09999,-15,46696.49985
nestleind_15min,2020-01-15 11:30:00,14856.0,3,-44568.0
nestleind_15min,2020-01-15 11:45:00,14835.0,-3,44505.0
heromotoco_15min,2020-01-16 11:45:00,2450.5,20,-49010.0
bajaj_auto_15min,2020-01-16 12:00:00,3131.65,15,-46974.75
heromotoco_15min,2020-01-16 12:15:00,2452.15,-20,49043.0
bajaj_auto_15min,2020-01-16 12:30:00,3129.94999,-15,46949.24985
coalindia_15min,2020-01-16 14:45:00,210.65,-236,49713.4
coalindia_15min,2020-01-16 15:00:00,210.699999,236,-49725.199764
powergrid_15min,2020-01-17 11:45:00,195.949999,-253,49575.349747
eichermot_15min,2020-01-17 12:30:00,21384.95,2,-42769.9
eichermot_15min,2020-01-17 12:45:00,21392.5,-2,42785.0
powergrid_15min,2020-01-17 13:45:00,196.949999,253,-49828.349747
infy_15min,2020-01-21 10:45:00,765.7999990000003,64,-49011.19993600002
infy_15min,2020-01-21 11:00:00,766.149999,-64,49033.599936
cipla_15min,2020-01-23 12:15:00,472.94999900000005,-105,49659.74989500001
cipla_15min,2020-01-23 13:15:00,473.55,105,-49722.75
bajfinance_15min,2020-01-30 13:45:00,4377.44999,11,-48151.94989
bajfinance_15min,2020-01-30 14:15:00,4357.44999,-11,47931.94989
hcltech_15min,2020-01-31 15:00:00,598.95,-82,49113.9
hcltech_15min,2020-02-01 14:30:00,595.1,82,-48798.200000000004
drreddy_15min,2020-02-05 10:45:00,3207.0,15,-48105.0
drreddy_15min,2020-02-05 11:00:00,3201.09999,-15,48016.49985
bajajfinsv_15min,2020-02-06 11:45:00,9590.0,5,-47950.0
bajajfinsv_15min,2020-02-06 12:00:00,9585.79999,-5,47928.99995
itc_15min,2020-02-06 12:45:00,216.75,229,-49635.75
itc_15min,2020-02-06 13:00:00,216.59999900000003,-229,49601.399771000004
icicibank_15min,2020-02-13 10:30:00,544.75,91,-49572.25
icicibank_15min,2020-02-13 10:45:00,543.5,-91,49458.5
hindunilvr_15min,2020-02-14 13:00:00,2274.0,21,-47754.0
hindunilvr_15min,2020-02-14 13:15:00,2267.4,-21,47615.4
ultracemco_15min,2020-02-24 12:15:00,4451.35,-11,48964.850000000006
ntpc_15min,2020-02-25 13:45:00,110.4,450,-49680.0
ntpc_15min,2020-02-25 14:30:00,110.2,-450,49590.0
axisbank_15min,2020-02-26 11:15:00,726.2999990000002,-68,49388.399932000015
axisbank_15min,2020-02-26 13:15:00,730.5,68,-49674.0
adaniports_15min,2020-02-28 14:00:00,346.55,-143,49556.65
adaniports_15min,2020-02-28 14:45:00,347.25,143,-49656.75
infy_15min,2020-03-02 15:15:00,752.7999990000003,65,-48931.99993500002
infy_15min,2020-03-03 09:30:00,755.35,-65,49097.75
tcs_15min,2020-03-04 11:30:00,2014.15,24,-48339.600000000006
tcs_15min,2020-03-04 12:00:00,2021.4,-24,48513.600000000006
ongc_15min,2020-03-04 13:45:00,88.85,559,-49667.149999999994
ongc_15min,2020-03-04 14:00:00,88.1,-559,49247.899999999994
cipla_15min,2020-03-05 14:15:00,442.44999900000005,112,-49554.39988800001
cipla_15min,2020-03-05 14:45:00,441.19999900000005,-112,49414.39988800001
nestleind_15min,2020-03-09 15:30:00,16068.0499,-3,48204.1497
nestleind_15min,2020-03-11 09:45:00,16093.6,3,-48280.8
ongc_15min,2020-03-13 13:45:00,62.6,-795,49767.0
ongc_15min,2020-03-13 14:15:00,62.7,795,-49846.5
hdfcbank_15min,2020-03-16 10:15:00,1009.64999,49,-49472.84951
hdfcbank_15min,2020-03-16 10:30:00,1004.64999,-49,49227.84951
lt_15min,2020-03-17 11:15:00,972.75,-51,49610.25
infy_15min,2020-03-17 14:45:00,576.95,-86,49617.700000000004
zeel_15min,2020-03-19 11:15:00,143.0,348,-49764.0
zeel_15min,2020-03-19 11:30:00,148.5,-348,51678.0
infy_15min,2020-03-19 14:30:00,557.399999,86,-47936.399914
cipla_15min,2020-03-19 15:30:00,374.899999,133,-49861.699866999996
cipla_15min,2020-03-20 09:30:00,376.649999,-133,50094.449866999996
ultracemco_15min,2020-03-20 09:45:00,3180.0,-15,47700.0
lt_15min,2020-03-20 13:15:00,856.149999,51,-43663.649949
ongc_15min,2020-03-23 11:00:00,64.0,-823,52672.0
ioc_15min,2020-03-27 11:30:00,76.6,651,-49866.6
bhartiartl_15min,2020-03-27 11:45:00,450.6,110,-49566.0
bhartiartl_15min,2020-03-27 12:00:00,451.55,-110,49670.5
tcs_15min,2020-03-30 14:00:00,1837.0,27,-49599.0
tcs_15min,2020-03-30 14:15:00,1839.65,-27,49670.55
bpcl_15min,2020-04-01 11:00:00,297.25,168,-49938.0
bpcl_15min,2020-04-01 11:15:00,296.05,-168,49736.4
techm_15min,2020-04-01 11:30:00,537.75,-92,49473.0
reliance_15min,2020-04-03 11:45:00,1070.54999,46,-49245.29954
reliance_15min,2020-04-03 12:00:00,1068.04999,-46,49130.29954
gail_15min,2020-04-08 13:45:00,87.75,568,-49842.0
gail_15min,2020-04-08 14:00:00,87.7,-568,49813.6
hindunilvr_15min,2020-04-08 14:15:00,2480.25,-20,49605.0
bajfinance_15min,2020-04-13 10:15:00,2369.09999,21,-49751.09979
bajfinance_15min,2020-04-13 10:30:00,2356.69999,-21,49490.69979
icicibank_15min,2020-04-13 10:45:00,331.5,150,-49725.0
hdfc_15min,2020-04-13 11:00:00,1671.15,-30,50134.5
maruti_15min,2020-04-13 14:00:00,5135.05,-9,46215.450000000004
upl_15min,2020-04-15 14:45:00,358.44999900000005,139,-49824.54986100001
upl_15min,2020-04-15 15:15:00,351.64999900000015,-139,48879.349861000024
titan_15min,2020-04-17 11:45:00,970.549999,51,-49498.049949
titan_15min,2020-04-17 12:15:00,964.649999,-51,49197.149949
sbin_15min,2020-04-17 12:30:00,187.25,266,-49808.5
sbin_15min,2020-04-17 13:00:00,187.3,-266,49821.8
ntpc_15min,2020-04-22 12:30:00,97.4,-512,49868.8
ntpc_15min,2020-04-22 12:45:00,97.55,512,-49945.6
ongc_15min,2020-04-22 13:45:00,64.05,-779,49894.95
ongc_15min,2020-04-22 15:30:00,65.6,779,-51102.399999999994
hcltech_15min,2020-04-24 11:30:00,473.05,105,-49670.25
hcltech_15min,2020-04-24 12:00:00,470.3,-105,49381.5
eichermot_15min,2020-04-27 10:15:00,14020.0,-3,42060.0
eichermot_15min,2020-04-27 10:30:00,14205.0,3,-42615.0
adaniports_15min,2020-04-28 15:15:00,271.89999900000004,183,-49757.69981700001
indusindbk_15min,2020-04-29 10:15:00,448.75,111,-49811.25
